path,label,xmlpath
水暖器材店失火消防官兵救出4人,火灾,/home/data/toy/raw_data/CEC-Corpus/CEC/火灾/水暖器材店失火消防官兵救出4人.xml
安康发生多起山林火灾多数为使用明火不当引发,火灾,/home/data/toy/raw_data/CEC-Corpus/CEC/火灾/安康发生多起山林火灾多数为使用明火不当引发.xml
长江大桥昨晚一桥洞失火火灾持续1个多小时,火灾,/home/data/toy/raw_data/CEC-Corpus/CEC/火灾/长江大桥昨晚一桥洞失火火灾持续1个多小时.xml
衡水一商住楼大火女主人和两岁孩子遇难,火灾,/home/data/toy/raw_data/CEC-Corpus/CEC/火灾/衡水一商住楼大火女主人和两岁孩子遇难.xml
油罐爆炸起火燃烧3小时,火灾,/home/data/toy/raw_data/CEC-Corpus/CEC/火灾/油罐爆炸起火燃烧3小时.xml
广州番禺商铺火灾：一名女子被烧死,火灾,/home/data/toy/raw_data/CEC-Corpus/CEC/火灾/广州番禺商铺火灾：一名女子被烧死.xml
福州：城门一棉花厂突发火灾烧了五小时,火灾,/home/data/toy/raw_data/CEC-Corpus/CEC/火灾/福州：城门一棉花厂突发火灾烧了五小时.xml
沙县高砂镇发生森林火灾,火灾,/home/data/toy/raw_data/CEC-Corpus/CEC/火灾/沙县高砂镇发生森林火灾.xml
武汉汉正街火灾造成至少10人受伤,火灾,/home/data/toy/raw_data/CEC-Corpus/CEC/火灾/武汉汉正街火灾造成至少10人受伤.xml
兰坪“12·2”大火基本扑灭,火灾,/home/data/toy/raw_data/CEC-Corpus/CEC/火灾/兰坪“12·2”大火基本扑灭.xml
吉尔吉斯中海市场发生火灾，无中方人员伤亡,火灾,/home/data/toy/raw_data/CEC-Corpus/CEC/火灾/吉尔吉斯中海市场发生火灾，无中方人员伤亡.xml
福建长乐一家酒吧发生特大火灾17人死亡,火灾,/home/data/toy/raw_data/CEC-Corpus/CEC/火灾/福建长乐一家酒吧发生特大火灾17人死亡.xml
合川百年小吃店起大火疑因厨师炒咸菜导致,火灾,/home/data/toy/raw_data/CEC-Corpus/CEC/火灾/合川百年小吃店起大火疑因厨师炒咸菜导致.xml
法国、西班牙和希腊等多国爆发森林大火,火灾,/home/data/toy/raw_data/CEC-Corpus/CEC/火灾/法国、西班牙和希腊等多国爆发森林大火.xml
兰州火灾事故,火灾,/home/data/toy/raw_data/CEC-Corpus/CEC/火灾/兰州火灾事故.xml
深圳市光明新区荣健农批水果市场“12·11”重大火灾事故,火灾,/home/data/toy/raw_data/CEC-Corpus/CEC/火灾/深圳市光明新区荣健农批水果市场“12·11”重大火灾事故.xml
广州市一烂尾楼发生火灾,火灾,/home/data/toy/raw_data/CEC-Corpus/CEC/火灾/广州市一烂尾楼发生火灾.xml
地中海沿岸5国大火蔓延,火灾,/home/data/toy/raw_data/CEC-Corpus/CEC/火灾/地中海沿岸5国大火蔓延.xml
八里街第三工业园区塑料厂仓库突发火灾起火原因调查中,火灾,/home/data/toy/raw_data/CEC-Corpus/CEC/火灾/八里街第三工业园区塑料厂仓库突发火灾起火原因调查中.xml
宁洛高速凤阳段一油罐车行驶中“自燃”,火灾,/home/data/toy/raw_data/CEC-Corpus/CEC/火灾/宁洛高速凤阳段一油罐车行驶中“自燃”.xml
四平铁东区一店铺发生火灾4人被困火海,火灾,/home/data/toy/raw_data/CEC-Corpus/CEC/火灾/四平铁东区一店铺发生火灾4人被困火海.xml
山东青岛上坟烧纸引发6起山火5处火灾已扑灭,火灾,/home/data/toy/raw_data/CEC-Corpus/CEC/火灾/山东青岛上坟烧纸引发6起山火5处火灾已扑灭.xml
新疆阿勒泰地区布尔津县发生森林火灾,火灾,/home/data/toy/raw_data/CEC-Corpus/CEC/火灾/新疆阿勒泰地区布尔津县发生森林火灾.xml
广东一家庭作坊火灾致11人窒息死亡,火灾,/home/data/toy/raw_data/CEC-Corpus/CEC/火灾/广东一家庭作坊火灾致11人窒息死亡.xml
香格里拉大火事件,火灾,/home/data/toy/raw_data/CEC-Corpus/CEC/火灾/香格里拉大火事件.xml
马尼拉华人区住宅发生火灾一华人老妇被烧伤,火灾,/home/data/toy/raw_data/CEC-Corpus/CEC/火灾/马尼拉华人区住宅发生火灾一华人老妇被烧伤.xml
澳大利亚2014年火灾高温致一夜间发生几百起火灾,火灾,/home/data/toy/raw_data/CEC-Corpus/CEC/火灾/澳大利亚2014年火灾高温致一夜间发生几百起火灾.xml
广西贵港一涂料厂溶剂油罐发生火灾无人员伤亡,火灾,/home/data/toy/raw_data/CEC-Corpus/CEC/火灾/广西贵港一涂料厂溶剂油罐发生火灾无人员伤亡.xml
云南大理森林火灾明火扑灭过火面积约200亩,火灾,/home/data/toy/raw_data/CEC-Corpus/CEC/火灾/云南大理森林火灾明火扑灭过火面积约200亩.xml
滨州一酒店突发火灾25辆消防车救援灭火,火灾,/home/data/toy/raw_data/CEC-Corpus/CEC/火灾/滨州一酒店突发火灾25辆消防车救援灭火.xml
合肥小庙镇一农户家中突发大火或与用电短路有关,火灾,/home/data/toy/raw_data/CEC-Corpus/CEC/火灾/合肥小庙镇一农户家中突发大火或与用电短路有关.xml
上海永嘉路老式洋房突发火灾好心市民合力救出被困老太,火灾,/home/data/toy/raw_data/CEC-Corpus/CEC/火灾/上海永嘉路老式洋房突发火灾好心市民合力救出被困老太.xml
云南丽江束河古镇昨凌晨失火,火灾,/home/data/toy/raw_data/CEC-Corpus/CEC/火灾/云南丽江束河古镇昨凌晨失火.xml
武昌小吃街发火灾延烧8家店面商户抢出煤气罐,火灾,/home/data/toy/raw_data/CEC-Corpus/CEC/火灾/武昌小吃街发火灾延烧8家店面商户抢出煤气罐.xml
沾河火灾发生在林区腹地沼泽地带7500兵力扑救,火灾,/home/data/toy/raw_data/CEC-Corpus/CEC/火灾/沾河火灾发生在林区腹地沼泽地带7500兵力扑救.xml
俄西伯利亚一民宅火灾致7人死亡,火灾,/home/data/toy/raw_data/CEC-Corpus/CEC/火灾/俄西伯利亚一民宅火灾致7人死亡.xml
珠海南屏一工厂突发火灾消防紧急救援,火灾,/home/data/toy/raw_data/CEC-Corpus/CEC/火灾/珠海南屏一工厂突发火灾消防紧急救援.xml
广东东莞一仓库发生火灾过火面积约1200平方米,火灾,/home/data/toy/raw_data/CEC-Corpus/CEC/火灾/广东东莞一仓库发生火灾过火面积约1200平方米.xml
象州一超市突发大火火魔吞噬140余万元商品,火灾,/home/data/toy/raw_data/CEC-Corpus/CEC/火灾/象州一超市突发大火火魔吞噬140余万元商品.xml
昆明发生森林火灾市民称烟雾笼罩市区,火灾,/home/data/toy/raw_data/CEC-Corpus/CEC/火灾/昆明发生森林火灾市民称烟雾笼罩市区.xml
西安开往乌鲁木齐列车在隧道中起火,火灾,/home/data/toy/raw_data/CEC-Corpus/CEC/火灾/西安开往乌鲁木齐列车在隧道中起火.xml
长春一检验所发生火灾,火灾,/home/data/toy/raw_data/CEC-Corpus/CEC/火灾/长春一检验所发生火灾.xml
大火吞噬门面房,火灾,/home/data/toy/raw_data/CEC-Corpus/CEC/火灾/大火吞噬门面房.xml
北京库房火灾中12人亡,火灾,/home/data/toy/raw_data/CEC-Corpus/CEC/火灾/北京库房火灾中12人亡.xml
洪都拉斯首都一市场发生火灾,火灾,/home/data/toy/raw_data/CEC-Corpus/CEC/火灾/洪都拉斯首都一市场发生火灾.xml
福建一大面积草地失火200人扑救过火面积超万平,火灾,/home/data/toy/raw_data/CEC-Corpus/CEC/火灾/福建一大面积草地失火200人扑救过火面积超万平.xml
广东汕头家庭作坊火灾致13人死亡4人重伤,火灾,/home/data/toy/raw_data/CEC-Corpus/CEC/火灾/广东汕头家庭作坊火灾致13人死亡4人重伤.xml
南京一50层高楼发生火灾,火灾,/home/data/toy/raw_data/CEC-Corpus/CEC/火灾/南京一50层高楼发生火灾.xml
福州闽侯一鞋厂仓库凌晨失火,火灾,/home/data/toy/raw_data/CEC-Corpus/CEC/火灾/福州闽侯一鞋厂仓库凌晨失火.xml
比利时养老院火灾9名老人死亡,火灾,/home/data/toy/raw_data/CEC-Corpus/CEC/火灾/比利时养老院火灾9名老人死亡.xml
瑞安一停车场发生大火隔壁有油罐,火灾,/home/data/toy/raw_data/CEC-Corpus/CEC/火灾/瑞安一停车场发生大火隔壁有油罐.xml
家里的浴霸着火了幸好浴室里没有人,火灾,/home/data/toy/raw_data/CEC-Corpus/CEC/火灾/家里的浴霸着火了幸好浴室里没有人.xml
暴雨天东莞一纸厂起火火灾或因雷电引起,火灾,/home/data/toy/raw_data/CEC-Corpus/CEC/火灾/暴雨天东莞一纸厂起火火灾或因雷电引起.xml
广州白云区大火：一家六口死亡,火灾,/home/data/toy/raw_data/CEC-Corpus/CEC/火灾/广州白云区大火：一家六口死亡.xml
四川绵阳化工厂发生火灾浓烟遮天蔽日,火灾,/home/data/toy/raw_data/CEC-Corpus/CEC/火灾/四川绵阳化工厂发生火灾浓烟遮天蔽日.xml
湖南一造纸厂数千吨芦苇起火16小时扑灭,火灾,/home/data/toy/raw_data/CEC-Corpus/CEC/火灾/湖南一造纸厂数千吨芦苇起火16小时扑灭.xml
台湾彰化县一间面包店发生火灾5人死亡,火灾,/home/data/toy/raw_data/CEC-Corpus/CEC/火灾/台湾彰化县一间面包店发生火灾5人死亡.xml
汕头大火13名女工被熏死作坊老板已遭拘留,火灾,/home/data/toy/raw_data/CEC-Corpus/CEC/火灾/汕头大火13名女工被熏死作坊老板已遭拘留.xml
手机充电器爆炸引发大火致2死2伤,火灾,/home/data/toy/raw_data/CEC-Corpus/CEC/火灾/手机充电器爆炸引发大火致2死2伤.xml
保加利亚索非亚市一华商集中商城发生火灾,火灾,/home/data/toy/raw_data/CEC-Corpus/CEC/火灾/保加利亚索非亚市一华商集中商城发生火灾.xml
南京兴隆大街发生火灾现场有爆炸声,火灾,/home/data/toy/raw_data/CEC-Corpus/CEC/火灾/南京兴隆大街发生火灾现场有爆炸声.xml
兰州市城关区泰生大厦发生1起火灾事故,火灾,/home/data/toy/raw_data/CEC-Corpus/CEC/火灾/兰州市城关区泰生大厦发生1起火灾事故.xml
北京中央电视台新址工地发生大火,火灾,/home/data/toy/raw_data/CEC-Corpus/CEC/火灾/北京中央电视台新址工地发生大火.xml
面包车起火致十人伤亡,火灾,/home/data/toy/raw_data/CEC-Corpus/CEC/火灾/面包车起火致十人伤亡.xml
南宁步行街起火十几间房子被烧百人安全疏散,火灾,/home/data/toy/raw_data/CEC-Corpus/CEC/火灾/南宁步行街起火十几间房子被烧百人安全疏散.xml
园湖路艺术学校舞台发生火灾,火灾,/home/data/toy/raw_data/CEC-Corpus/CEC/火灾/园湖路艺术学校舞台发生火灾.xml
虹口区赤峰路373弄一民住宅起火无人员伤亡,火灾,/home/data/toy/raw_data/CEC-Corpus/CEC/火灾/虹口区赤峰路373弄一民住宅起火无人员伤亡.xml
宜宾城区一大厦11层处发生火灾或为外墙装饰材料引发,火灾,/home/data/toy/raw_data/CEC-Corpus/CEC/火灾/宜宾城区一大厦11层处发生火灾或为外墙装饰材料引发.xml
老小区深夜突发大火辅警冲进火场救出两老人,火灾,/home/data/toy/raw_data/CEC-Corpus/CEC/火灾/老小区深夜突发大火辅警冲进火场救出两老人.xml
草垛夜间连连失火消防4小时扑救15起,火灾,/home/data/toy/raw_data/CEC-Corpus/CEC/火灾/草垛夜间连连失火消防4小时扑救15起.xml
瑞典一家仓库起火鲱鱼罐头变炸弹射入民宅,火灾,/home/data/toy/raw_data/CEC-Corpus/CEC/火灾/瑞典一家仓库起火鲱鱼罐头变炸弹射入民宅.xml
长兴岛江南造船厂一在建八万吨级货轮起火,火灾,/home/data/toy/raw_data/CEC-Corpus/CEC/火灾/长兴岛江南造船厂一在建八万吨级货轮起火.xml
北京西单购物中心发生火灾,火灾,/home/data/toy/raw_data/CEC-Corpus/CEC/火灾/北京西单购物中心发生火灾.xml
温岭鞋厂火灾16人死亡,火灾,/home/data/toy/raw_data/CEC-Corpus/CEC/火灾/温岭鞋厂火灾16人死亡.xml
连云港大货车高速上轮胎起火火光冲天,火灾,/home/data/toy/raw_data/CEC-Corpus/CEC/火灾/连云港大货车高速上轮胎起火火光冲天.xml
巴基斯坦首都万豪酒店爆炸至少60死逾200伤,恐怖袭击,/home/data/toy/raw_data/CEC-Corpus/CEC/恐怖袭击/巴基斯坦首都万豪酒店爆炸至少60死逾200伤.xml
巴基斯坦发生自杀式爆炸袭击百多人死亡,恐怖袭击,/home/data/toy/raw_data/CEC-Corpus/CEC/恐怖袭击/巴基斯坦发生自杀式爆炸袭击百多人死亡.xml
联合国驻伊办事处救援基本停止至少24人死亡,恐怖袭击,/home/data/toy/raw_data/CEC-Corpus/CEC/恐怖袭击/联合国驻伊办事处救援基本停止至少24人死亡.xml
4月7日凌晨5时，近300名穿着“警察”制服,恐怖袭击,/home/data/toy/raw_data/CEC-Corpus/CEC/恐怖袭击/4月7日凌晨5时，近300名穿着“警察”制服.xml
阿富汗５日发生两起恐怖袭击事件,恐怖袭击,/home/data/toy/raw_data/CEC-Corpus/CEC/恐怖袭击/阿富汗５日发生两起恐怖袭击事件.xml
目击者描述印尼爆炸案惨景到处是炸断的肢体,恐怖袭击,/home/data/toy/raw_data/CEC-Corpus/CEC/恐怖袭击/目击者描述印尼爆炸案惨景到处是炸断的肢体.xml
西班牙锁定“摩洛哥战斗旅”为311爆炸事件元凶,恐怖袭击,/home/data/toy/raw_data/CEC-Corpus/CEC/恐怖袭击/西班牙锁定“摩洛哥战斗旅”为311爆炸事件元凶.xml
巴厘岛连环爆炸造成202人丧生,恐怖袭击,/home/data/toy/raw_data/CEC-Corpus/CEC/恐怖袭击/巴厘岛连环爆炸造成202人丧生.xml
武装人员袭击尼日利亚中学劫持逾百学生,恐怖袭击,/home/data/toy/raw_data/CEC-Corpus/CEC/恐怖袭击/武装人员袭击尼日利亚中学劫持逾百学生.xml
哈特考帕汽车爆炸,恐怖袭击,/home/data/toy/raw_data/CEC-Corpus/CEC/恐怖袭击/哈特考帕汽车爆炸.xml
昆明火车站恐怖袭击27人遇难一百多人受伤,恐怖袭击,/home/data/toy/raw_data/CEC-Corpus/CEC/恐怖袭击/昆明火车站恐怖袭击27人遇难一百多人受伤.xml
约旦首都安曼连环爆炸,恐怖袭击,/home/data/toy/raw_data/CEC-Corpus/CEC/恐怖袭击/约旦首都安曼连环爆炸.xml
俄罗斯发生别斯兰人质事件,恐怖袭击,/home/data/toy/raw_data/CEC-Corpus/CEC/恐怖袭击/俄罗斯发生别斯兰人质事件.xml
伊拉克汽车炸弹袭击,恐怖袭击,/home/data/toy/raw_data/CEC-Corpus/CEC/恐怖袭击/伊拉克汽车炸弹袭击.xml
安理会谴责也门恐怖袭击事件,恐怖袭击,/home/data/toy/raw_data/CEC-Corpus/CEC/恐怖袭击/安理会谴责也门恐怖袭击事件.xml
俄罗斯今年第一季度挫败恐怖袭击19起,恐怖袭击,/home/data/toy/raw_data/CEC-Corpus/CEC/恐怖袭击/俄罗斯今年第一季度挫败恐怖袭击19起.xml
世界杯险遇恐怖袭击警方发现犯罪组织欲炸桥,恐怖袭击,/home/data/toy/raw_data/CEC-Corpus/CEC/恐怖袭击/世界杯险遇恐怖袭击警方发现犯罪组织欲炸桥.xml
昆明火车站严重暴恐案告破,恐怖袭击,/home/data/toy/raw_data/CEC-Corpus/CEC/恐怖袭击/昆明火车站严重暴恐案告破.xml
莫斯科一市场爆炸至少10人死亡,恐怖袭击,/home/data/toy/raw_data/CEC-Corpus/CEC/恐怖袭击/莫斯科一市场爆炸至少10人死亡.xml
阿富汗坎大哈爆炸,恐怖袭击,/home/data/toy/raw_data/CEC-Corpus/CEC/恐怖袭击/阿富汗坎大哈爆炸.xml
在美中国留学生为昆明恐怖袭击事件遇难者祈福,恐怖袭击,/home/data/toy/raw_data/CEC-Corpus/CEC/恐怖袭击/在美中国留学生为昆明恐怖袭击事件遇难者祈福.xml
孟买发生系列爆炸至少200人死亡,恐怖袭击,/home/data/toy/raw_data/CEC-Corpus/CEC/恐怖袭击/孟买发生系列爆炸至少200人死亡.xml
印度孟买发生列车连环爆炸,恐怖袭击,/home/data/toy/raw_data/CEC-Corpus/CEC/恐怖袭击/印度孟买发生列车连环爆炸.xml
印度连环爆炸案,恐怖袭击,/home/data/toy/raw_data/CEC-Corpus/CEC/恐怖袭击/印度连环爆炸案.xml
昆明7.21公车恐怖袭击事件,恐怖袭击,/home/data/toy/raw_data/CEC-Corpus/CEC/恐怖袭击/昆明7.21公车恐怖袭击事件.xml
埃及西奈半岛发生恐怖袭击4名韩国人死亡,恐怖袭击,/home/data/toy/raw_data/CEC-Corpus/CEC/恐怖袭击/埃及西奈半岛发生恐怖袭击4名韩国人死亡.xml
印度恐怖袭击造成至少42人死亡,恐怖袭击,/home/data/toy/raw_data/CEC-Corpus/CEC/恐怖袭击/印度恐怖袭击造成至少42人死亡.xml
中铁十四局紧急应对恐怖袭击事件,恐怖袭击,/home/data/toy/raw_data/CEC-Corpus/CEC/恐怖袭击/中铁十四局紧急应对恐怖袭击事件.xml
伊拉克西部遭连环恐怖袭击已致16人死亡,恐怖袭击,/home/data/toy/raw_data/CEC-Corpus/CEC/恐怖袭击/伊拉克西部遭连环恐怖袭击已致16人死亡.xml
埃及发生连环爆炸至少90人死亡,恐怖袭击,/home/data/toy/raw_data/CEC-Corpus/CEC/恐怖袭击/埃及发生连环爆炸至少90人死亡.xml
阿尔及利亚汽车炸弹爆炸11人死31人伤,恐怖袭击,/home/data/toy/raw_data/CEC-Corpus/CEC/恐怖袭击/阿尔及利亚汽车炸弹爆炸11人死31人伤.xml
安理会谴责阿富汗北部恐怖袭击事件,恐怖袭击,/home/data/toy/raw_data/CEC-Corpus/CEC/恐怖袭击/安理会谴责阿富汗北部恐怖袭击事件.xml
伊拉克清真寺连环爆炸,恐怖袭击,/home/data/toy/raw_data/CEC-Corpus/CEC/恐怖袭击/伊拉克清真寺连环爆炸.xml
昆明暴力恐怖袭击事件火车站被警方封锁,恐怖袭击,/home/data/toy/raw_data/CEC-Corpus/CEC/恐怖袭击/昆明暴力恐怖袭击事件火车站被警方封锁.xml
车臣体育场爆炸案两嫌疑人被抓获均为车臣居民,恐怖袭击,/home/data/toy/raw_data/CEC-Corpus/CEC/恐怖袭击/车臣体育场爆炸案两嫌疑人被抓获均为车臣居民.xml
印度遭恐怖袭击百余人伤亡警方逮捕700人,恐怖袭击,/home/data/toy/raw_data/CEC-Corpus/CEC/恐怖袭击/印度遭恐怖袭击百余人伤亡警方逮捕700人.xml
莫斯科地铁爆炸事件,恐怖袭击,/home/data/toy/raw_data/CEC-Corpus/CEC/恐怖袭击/莫斯科地铁爆炸事件.xml
英国官员称机场袭击事件为自杀恐怖袭击,恐怖袭击,/home/data/toy/raw_data/CEC-Corpus/CEC/恐怖袭击/英国官员称机场袭击事件为自杀恐怖袭击.xml
近两千名医护人员参与昆明暴力恐怖袭击事件医疗救援,恐怖袭击,/home/data/toy/raw_data/CEC-Corpus/CEC/恐怖袭击/近两千名医护人员参与昆明暴力恐怖袭击事件医疗救援.xml
俄称制止针对索契奥运设施恐怖袭击未透露细节,恐怖袭击,/home/data/toy/raw_data/CEC-Corpus/CEC/恐怖袭击/俄称制止针对索契奥运设施恐怖袭击未透露细节.xml
联合国安理会强烈谴责昆明暴力恐怖袭击事件,恐怖袭击,/home/data/toy/raw_data/CEC-Corpus/CEC/恐怖袭击/联合国安理会强烈谴责昆明暴力恐怖袭击事件.xml
外交部强烈谴责巴基斯坦伊斯兰堡恐怖袭击事件,恐怖袭击,/home/data/toy/raw_data/CEC-Corpus/CEC/恐怖袭击/外交部强烈谴责巴基斯坦伊斯兰堡恐怖袭击事件.xml
俄安全部门拘捕25乌克兰人称其欲策划恐怖袭击,恐怖袭击,/home/data/toy/raw_data/CEC-Corpus/CEC/恐怖袭击/俄安全部门拘捕25乌克兰人称其欲策划恐怖袭击.xml
意大利驻华大使强烈谴责昆明暴力恐怖袭击事件,恐怖袭击,/home/data/toy/raw_data/CEC-Corpus/CEC/恐怖袭击/意大利驻华大使强烈谴责昆明暴力恐怖袭击事件.xml
巴基斯坦酒店发生爆炸袭击已致18人死亡,恐怖袭击,/home/data/toy/raw_data/CEC-Corpus/CEC/恐怖袭击/巴基斯坦酒店发生爆炸袭击已致18人死亡.xml
伊拉克3月恐怖袭击和暴力冲突致死592人,恐怖袭击,/home/data/toy/raw_data/CEC-Corpus/CEC/恐怖袭击/伊拉克3月恐怖袭击和暴力冲突致死592人.xml
埃及西奈半岛爆炸案,恐怖袭击,/home/data/toy/raw_data/CEC-Corpus/CEC/恐怖袭击/埃及西奈半岛爆炸案.xml
西班牙马德里又发生爆炸事件,恐怖袭击,/home/data/toy/raw_data/CEC-Corpus/CEC/恐怖袭击/西班牙马德里又发生爆炸事件.xml
索马里恐怖袭击事件,恐怖袭击,/home/data/toy/raw_data/CEC-Corpus/CEC/恐怖袭击/索马里恐怖袭击事件.xml
昆石高速21车连环相撞,交通事故,/home/data/toy/raw_data/CEC-Corpus/CEC/交通事故/昆石高速21车连环相撞.xml
广西南丹交通事故致6死10伤一人伤势较重,交通事故,/home/data/toy/raw_data/CEC-Corpus/CEC/交通事故/广西南丹交通事故致6死10伤一人伤势较重.xml
八达岭高速因多车追尾3人死亡封闭7小时,交通事故,/home/data/toy/raw_data/CEC-Corpus/CEC/交通事故/八达岭高速因多车追尾3人死亡封闭7小时.xml
五位清华博士后沧州出车祸,交通事故,/home/data/toy/raw_data/CEC-Corpus/CEC/交通事故/五位清华博士后沧州出车祸.xml
河南社旗发生交通事故致11人死亡逃逸司机已被控制,交通事故,/home/data/toy/raw_data/CEC-Corpus/CEC/交通事故/河南社旗发生交通事故致11人死亡逃逸司机已被控制.xml
永胜发生特大车祸轿车和摩托车相撞造成3死两伤,交通事故,/home/data/toy/raw_data/CEC-Corpus/CEC/交通事故/永胜发生特大车祸轿车和摩托车相撞造成3死两伤.xml
甘肃永登发生3车追尾事故致4死7伤,交通事故,/home/data/toy/raw_data/CEC-Corpus/CEC/交通事故/甘肃永登发生3车追尾事故致4死7伤.xml
20吨水泥罐车重压蒙迪欧新车惨变易拉罐,交通事故,/home/data/toy/raw_data/CEC-Corpus/CEC/交通事故/20吨水泥罐车重压蒙迪欧新车惨变易拉罐.xml
合宁高速三车相撞5死2伤,交通事故,/home/data/toy/raw_data/CEC-Corpus/CEC/交通事故/合宁高速三车相撞5死2伤.xml
渝邻高速重庆段两车相撞致4人死亡,交通事故,/home/data/toy/raw_data/CEC-Corpus/CEC/交通事故/渝邻高速重庆段两车相撞致4人死亡.xml
武黄高速6车追尾引发大火致3人死亡,交通事故,/home/data/toy/raw_data/CEC-Corpus/CEC/交通事故/武黄高速6车追尾引发大火致3人死亡.xml
北京中巴车超车坠入山谷24人受伤,交通事故,/home/data/toy/raw_data/CEC-Corpus/CEC/交通事故/北京中巴车超车坠入山谷24人受伤.xml
北京北六环4车连撞拥堵10公里长达两个多小时,交通事故,/home/data/toy/raw_data/CEC-Corpus/CEC/交通事故/北京北六环4车连撞拥堵10公里长达两个多小时.xml
运煤车躲小轿车侧翻,交通事故,/home/data/toy/raw_data/CEC-Corpus/CEC/交通事故/运煤车躲小轿车侧翻.xml
两名中国游客在澳遭遇交通事故,交通事故,/home/data/toy/raw_data/CEC-Corpus/CEC/交通事故/两名中国游客在澳遭遇交通事故.xml
合阳发生重大交通事故7人死亡23人受伤,交通事故,/home/data/toy/raw_data/CEC-Corpus/CEC/交通事故/合阳发生重大交通事故7人死亡23人受伤.xml
浙江高速公路33辆车因大雾相撞,交通事故,/home/data/toy/raw_data/CEC-Corpus/CEC/交通事故/浙江高速公路33辆车因大雾相撞.xml
丽景北街发生一起交通事故,交通事故,/home/data/toy/raw_data/CEC-Corpus/CEC/交通事故/丽景北街发生一起交通事故.xml
浙江甬台温高速货车追尾起大火致2人死亡,交通事故,/home/data/toy/raw_data/CEC-Corpus/CEC/交通事故/浙江甬台温高速货车追尾起大火致2人死亡.xml
四川雅江县发生重大道路交通事故造成17死2伤,交通事故,/home/data/toy/raw_data/CEC-Corpus/CEC/交通事故/四川雅江县发生重大道路交通事故造成17死2伤.xml
河北唐山大货车与轿车相撞致2死2伤,交通事故,/home/data/toy/raw_data/CEC-Corpus/CEC/交通事故/河北唐山大货车与轿车相撞致2死2伤.xml
陕西西汉高速30多辆车连环相撞4死16伤,交通事故,/home/data/toy/raw_data/CEC-Corpus/CEC/交通事故/陕西西汉高速30多辆车连环相撞4死16伤.xml
广西柳州两车相撞致10人死亡2人重伤,交通事故,/home/data/toy/raw_data/CEC-Corpus/CEC/交通事故/广西柳州两车相撞致10人死亡2人重伤.xml
海南环岛高速公路发生一起交通事故5人死亡,交通事故,/home/data/toy/raw_data/CEC-Corpus/CEC/交通事故/海南环岛高速公路发生一起交通事故5人死亡.xml
新疆塔里木沙漠伴行路发生特大交通事故4死2伤,交通事故,/home/data/toy/raw_data/CEC-Corpus/CEC/交通事故/新疆塔里木沙漠伴行路发生特大交通事故4死2伤.xml
加纳发生重大交通事故致14人死亡,交通事故,/home/data/toy/raw_data/CEC-Corpus/CEC/交通事故/加纳发生重大交通事故致14人死亡.xml
赤峰市境内发生一起特大交通事故致3死2伤,交通事故,/home/data/toy/raw_data/CEC-Corpus/CEC/交通事故/赤峰市境内发生一起特大交通事故致3死2伤.xml
湖北二广高速路大客车翻覆34人受伤,交通事故,/home/data/toy/raw_data/CEC-Corpus/CEC/交通事故/湖北二广高速路大客车翻覆34人受伤.xml
云南客车坠江24人失踪,交通事故,/home/data/toy/raw_data/CEC-Corpus/CEC/交通事故/云南客车坠江24人失踪.xml
山西高速隧道交通事故,交通事故,/home/data/toy/raw_data/CEC-Corpus/CEC/交通事故/山西高速隧道交通事故.xml
苏州三车追尾造成4死3伤,交通事故,/home/data/toy/raw_data/CEC-Corpus/CEC/交通事故/苏州三车追尾造成4死3伤.xml
17岁少女殒命搅拌车下,交通事故,/home/data/toy/raw_data/CEC-Corpus/CEC/交通事故/17岁少女殒命搅拌车下.xml
京珠高速韶关段高速大巴撞货车17人死(27日头条),交通事故,/home/data/toy/raw_data/CEC-Corpus/CEC/交通事故/京珠高速韶关段高速大巴撞货车17人死(27日头条).xml
广西境内车辆追尾致6死38伤(组图),交通事故,/home/data/toy/raw_data/CEC-Corpus/CEC/交通事故/广西境内车辆追尾致6死38伤(组图).xml
涉嫌骑车逃逸的男子今天上午已归案,交通事故,/home/data/toy/raw_data/CEC-Corpus/CEC/交通事故/涉嫌骑车逃逸的男子今天上午已归案.xml
交通事故导致司机被困,交通事故,/home/data/toy/raw_data/CEC-Corpus/CEC/交通事故/交通事故导致司机被困.xml
大公共顶翻抢行夏利车,交通事故,/home/data/toy/raw_data/CEC-Corpus/CEC/交通事故/大公共顶翻抢行夏利车.xml
国道315线德令哈段发生一起交通事故两车相撞4死3伤,交通事故,/home/data/toy/raw_data/CEC-Corpus/CEC/交通事故/国道315线德令哈段发生一起交通事故两车相撞4死3伤.xml
104国道浙江温岭段发生翻车事故致2死2伤,交通事故,/home/data/toy/raw_data/CEC-Corpus/CEC/交通事故/104国道浙江温岭段发生翻车事故致2死2伤.xml
湖北致16死客车坠崖系司机责任事故,交通事故,/home/data/toy/raw_data/CEC-Corpus/CEC/交通事故/湖北致16死客车坠崖系司机责任事故.xml
合肥高速两车相撞5人死亡18人受伤,交通事故,/home/data/toy/raw_data/CEC-Corpus/CEC/交通事故/合肥高速两车相撞5人死亡18人受伤.xml
四川广邻高速发生连环追尾交通事故,交通事故,/home/data/toy/raw_data/CEC-Corpus/CEC/交通事故/四川广邻高速发生连环追尾交通事故.xml
夏固原市3车追尾造成苯泄漏2人死亡,交通事故,/home/data/toy/raw_data/CEC-Corpus/CEC/交通事故/夏固原市3车追尾造成苯泄漏2人死亡.xml
济青高速潍坊段百余辆车因大雪相撞致1人死亡,交通事故,/home/data/toy/raw_data/CEC-Corpus/CEC/交通事故/济青高速潍坊段百余辆车因大雪相撞致1人死亡.xml
杭州一槽罐车压扁小轿车小车司机当场丧生,交通事故,/home/data/toy/raw_data/CEC-Corpus/CEC/交通事故/杭州一槽罐车压扁小轿车小车司机当场丧生.xml
南昌一男子酒驾引发交通事故,交通事故,/home/data/toy/raw_data/CEC-Corpus/CEC/交通事故/南昌一男子酒驾引发交通事故.xml
潍坊一辆捷达轿车为躲过路行人,交通事故,/home/data/toy/raw_data/CEC-Corpus/CEC/交通事故/潍坊一辆捷达轿车为躲过路行人.xml
海口小货车商务车相撞致2死4伤,交通事故,/home/data/toy/raw_data/CEC-Corpus/CEC/交通事故/海口小货车商务车相撞致2死4伤.xml
厦门货车连撞四车致3死4伤,交通事故,/home/data/toy/raw_data/CEC-Corpus/CEC/交通事故/厦门货车连撞四车致3死4伤.xml
北京城管执法车撞伤13岁骑车中学生拖行40余米,交通事故,/home/data/toy/raw_data/CEC-Corpus/CEC/交通事故/北京城管执法车撞伤13岁骑车中学生拖行40余米.xml
江西景德镇客车相撞致5人死亡20余人受伤,交通事故,/home/data/toy/raw_data/CEC-Corpus/CEC/交通事故/江西景德镇客车相撞致5人死亡20余人受伤.xml
摩托车撞大货一死一伤,交通事故,/home/data/toy/raw_data/CEC-Corpus/CEC/交通事故/摩托车撞大货一死一伤.xml
富阳发生重大道路交通事故三人死亡三人重伤,交通事故,/home/data/toy/raw_data/CEC-Corpus/CEC/交通事故/富阳发生重大道路交通事故三人死亡三人重伤.xml
河南承载学生事故车辆超载19人2名司机被刑拘,交通事故,/home/data/toy/raw_data/CEC-Corpus/CEC/交通事故/河南承载学生事故车辆超载19人2名司机被刑拘.xml
怒江兰坪发生一起交通事故,交通事故,/home/data/toy/raw_data/CEC-Corpus/CEC/交通事故/怒江兰坪发生一起交通事故.xml
兴义往安龙方向高速路顶效二号隧道内发生交通事故,交通事故,/home/data/toy/raw_data/CEC-Corpus/CEC/交通事故/兴义往安龙方向高速路顶效二号隧道内发生交通事故.xml
海文高速小汽车交通事故致1死8伤,交通事故,/home/data/toy/raw_data/CEC-Corpus/CEC/交通事故/海文高速小汽车交通事故致1死8伤.xml
浙江黄岩一客车与轿车相撞两死两重伤数人轻伤,交通事故,/home/data/toy/raw_data/CEC-Corpus/CEC/交通事故/浙江黄岩一客车与轿车相撞两死两重伤数人轻伤.xml
湖南长潭高速6车相撞致1人死亡,交通事故,/home/data/toy/raw_data/CEC-Corpus/CEC/交通事故/湖南长潭高速6车相撞致1人死亡.xml
广西南梧二级路藤县特大交通事故4死9伤,交通事故,/home/data/toy/raw_data/CEC-Corpus/CEC/交通事故/广西南梧二级路藤县特大交通事故4死9伤.xml
温江一货车侧翻两人被困,交通事故,/home/data/toy/raw_data/CEC-Corpus/CEC/交通事故/温江一货车侧翻两人被困.xml
椹川大道北与康强路交汇处发生重大交通事故,交通事故,/home/data/toy/raw_data/CEC-Corpus/CEC/交通事故/椹川大道北与康强路交汇处发生重大交通事故.xml
广州发生特大交通事故酒驾司机开假军车撞死4人,交通事故,/home/data/toy/raw_data/CEC-Corpus/CEC/交通事故/广州发生特大交通事故酒驾司机开假军车撞死4人.xml
失控轿车连撞路边四车,交通事故,/home/data/toy/raw_data/CEC-Corpus/CEC/交通事故/失控轿车连撞路边四车.xml
101国道密云段现惨祸客车农用车相撞致6人亡,交通事故,/home/data/toy/raw_data/CEC-Corpus/CEC/交通事故/101国道密云段现惨祸客车农用车相撞致6人亡.xml
超载中巴迎面撞上大客,交通事故,/home/data/toy/raw_data/CEC-Corpus/CEC/交通事故/超载中巴迎面撞上大客.xml
乌兰察布市发生特大交通事故8人当场死亡,交通事故,/home/data/toy/raw_data/CEC-Corpus/CEC/交通事故/乌兰察布市发生特大交通事故8人当场死亡.xml
澄城一工商执法车撞上摩托车2人死亡1人重伤,交通事故,/home/data/toy/raw_data/CEC-Corpus/CEC/交通事故/澄城一工商执法车撞上摩托车2人死亡1人重伤.xml
昆明立交桥3车相撞致5死2伤,交通事故,/home/data/toy/raw_data/CEC-Corpus/CEC/交通事故/昆明立交桥3车相撞致5死2伤.xml
面包车超车侧翻伤两人,交通事故,/home/data/toy/raw_data/CEC-Corpus/CEC/交通事故/面包车超车侧翻伤两人.xml
合肥发生一起特大交通事故造成6人死亡11受伤,交通事故,/home/data/toy/raw_data/CEC-Corpus/CEC/交通事故/合肥发生一起特大交通事故造成6人死亡11受伤.xml
宁夏两客车相撞11人死,交通事故,/home/data/toy/raw_data/CEC-Corpus/CEC/交通事故/宁夏两客车相撞11人死.xml
天门妇女结伴去打工京山遇车祸4死4伤,交通事故,/home/data/toy/raw_data/CEC-Corpus/CEC/交通事故/天门妇女结伴去打工京山遇车祸4死4伤.xml
京珠高速郑州往焦作方向19辆车连环相撞,交通事故,/home/data/toy/raw_data/CEC-Corpus/CEC/交通事故/京珠高速郑州往焦作方向19辆车连环相撞.xml
黑龙江五常发生特大交通事故6人死亡,交通事故,/home/data/toy/raw_data/CEC-Corpus/CEC/交通事故/黑龙江五常发生特大交通事故6人死亡.xml
包固公路发生五死特大交通事故,交通事故,/home/data/toy/raw_data/CEC-Corpus/CEC/交通事故/包固公路发生五死特大交通事故.xml
运奶车侧翻撞坏四轿车被撞大众轿车基本报废,交通事故,/home/data/toy/raw_data/CEC-Corpus/CEC/交通事故/运奶车侧翻撞坏四轿车被撞大众轿车基本报废.xml
河北国道两客车相撞,交通事故,/home/data/toy/raw_data/CEC-Corpus/CEC/交通事故/河北国道两客车相撞.xml
香港长青隧道5车相撞1人亡,交通事故,/home/data/toy/raw_data/CEC-Corpus/CEC/交通事故/香港长青隧道5车相撞1人亡.xml
跑车撞护栏四轮朝天车内两女一人无碍一人受伤,交通事故,/home/data/toy/raw_data/CEC-Corpus/CEC/交通事故/跑车撞护栏四轮朝天车内两女一人无碍一人受伤.xml
多哥发生重大交通事故致６３人死伤,交通事故,/home/data/toy/raw_data/CEC-Corpus/CEC/交通事故/多哥发生重大交通事故致６３人死伤.xml
弹了弹烟灰丢了一条命开车千万别做小动作,交通事故,/home/data/toy/raw_data/CEC-Corpus/CEC/交通事故/弹了弹烟灰丢了一条命开车千万别做小动作.xml
河南南阳风景区内卡车失控撞死8人,交通事故,/home/data/toy/raw_data/CEC-Corpus/CEC/交通事故/河南南阳风景区内卡车失控撞死8人.xml
两车追尾当场1死7伤,交通事故,/home/data/toy/raw_data/CEC-Corpus/CEC/交通事故/两车追尾当场1死7伤.xml
轿车蛇行撞房2死3伤司机疑为酒后驾车,交通事故,/home/data/toy/raw_data/CEC-Corpus/CEC/交通事故/轿车蛇行撞房2死3伤司机疑为酒后驾车.xml
广东河源55名学生疑集体食物中毒,食物中毒,/home/data/toy/raw_data/CEC-Corpus/CEC/食物中毒/广东河源55名学生疑集体食物中毒.xml
陕西丹凤54名中学生食用生豆角中毒,食物中毒,/home/data/toy/raw_data/CEC-Corpus/CEC/食物中毒/陕西丹凤54名中学生食用生豆角中毒.xml
新疆伊犁5名儿童食用自制酸菜食物中毒,食物中毒,/home/data/toy/raw_data/CEC-Corpus/CEC/食物中毒/新疆伊犁5名儿童食用自制酸菜食物中毒.xml
广州天河一家鞋厂129员工食物中毒,食物中毒,/home/data/toy/raw_data/CEC-Corpus/CEC/食物中毒/广州天河一家鞋厂129员工食物中毒.xml
新加坡发生集体食物中毒事件1人死亡,食物中毒,/home/data/toy/raw_data/CEC-Corpus/CEC/食物中毒/新加坡发生集体食物中毒事件1人死亡.xml
辽宁锦州一所小学百名学生食物中毒,食物中毒,/home/data/toy/raw_data/CEC-Corpus/CEC/食物中毒/辽宁锦州一所小学百名学生食物中毒.xml
疑似食物中毒二十多工人送医,食物中毒,/home/data/toy/raw_data/CEC-Corpus/CEC/食物中毒/疑似食物中毒二十多工人送医.xml
龙岗一小食店发生一起疑似中毒事件,食物中毒,/home/data/toy/raw_data/CEC-Corpus/CEC/食物中毒/龙岗一小食店发生一起疑似中毒事件.xml
华县突发疑似食物中毒事件,食物中毒,/home/data/toy/raw_data/CEC-Corpus/CEC/食物中毒/华县突发疑似食物中毒事件.xml
黑龙江鸡西市20多名小学生疑似食物中毒,食物中毒,/home/data/toy/raw_data/CEC-Corpus/CEC/食物中毒/黑龙江鸡西市20多名小学生疑似食物中毒.xml
江苏丹阳近百学生食物中毒警方展开调查,食物中毒,/home/data/toy/raw_data/CEC-Corpus/CEC/食物中毒/江苏丹阳近百学生食物中毒警方展开调查.xml
山西新绛民办中学74名学生集体食物中毒,食物中毒,/home/data/toy/raw_data/CEC-Corpus/CEC/食物中毒/山西新绛民办中学74名学生集体食物中毒.xml
罗马尼亚36名中学生集体食物中毒,食物中毒,/home/data/toy/raw_data/CEC-Corpus/CEC/食物中毒/罗马尼亚36名中学生集体食物中毒.xml
祖孙俩食物中毒警车引领开辟生命通道,食物中毒,/home/data/toy/raw_data/CEC-Corpus/CEC/食物中毒/祖孙俩食物中毒警车引领开辟生命通道.xml
北京幼儿园校餐致近50名儿童中毒,食物中毒,/home/data/toy/raw_data/CEC-Corpus/CEC/食物中毒/北京幼儿园校餐致近50名儿童中毒.xml
渭南发生一起疑似食物中毒事件,食物中毒,/home/data/toy/raw_data/CEC-Corpus/CEC/食物中毒/渭南发生一起疑似食物中毒事件.xml
广东东山中学20余名学生疑似食物中毒,食物中毒,/home/data/toy/raw_data/CEC-Corpus/CEC/食物中毒/广东东山中学20余名学生疑似食物中毒.xml
大马644囚犯食物中毒,食物中毒,/home/data/toy/raw_data/CEC-Corpus/CEC/食物中毒/大马644囚犯食物中毒.xml
云南丘北一幼儿园32学生疑似食物中毒,食物中毒,/home/data/toy/raw_data/CEC-Corpus/CEC/食物中毒/云南丘北一幼儿园32学生疑似食物中毒.xml
河南卢氏县婚宴致91人食物中毒,食物中毒,/home/data/toy/raw_data/CEC-Corpus/CEC/食物中毒/河南卢氏县婚宴致91人食物中毒.xml
北京顺义工地约百名工人食物中毒,食物中毒,/home/data/toy/raw_data/CEC-Corpus/CEC/食物中毒/北京顺义工地约百名工人食物中毒.xml
湖北武昌18名学生快餐店吃晚餐后食物中毒,食物中毒,/home/data/toy/raw_data/CEC-Corpus/CEC/食物中毒/湖北武昌18名学生快餐店吃晚餐后食物中毒.xml
村民家办婚宴食物中毒撂倒16人,食物中毒,/home/data/toy/raw_data/CEC-Corpus/CEC/食物中毒/村民家办婚宴食物中毒撂倒16人.xml
石家庄一工厂因豆角未炒熟致24人中毒,食物中毒,/home/data/toy/raw_data/CEC-Corpus/CEC/食物中毒/石家庄一工厂因豆角未炒熟致24人中毒.xml
北京东城当代MOMA幼儿园多名孩子呕吐被疑食物中毒,食物中毒,/home/data/toy/raw_data/CEC-Corpus/CEC/食物中毒/北京东城当代MOMA幼儿园多名孩子呕吐被疑食物中毒.xml
北京行知实验学校11名学生食物中毒,食物中毒,/home/data/toy/raw_data/CEC-Corpus/CEC/食物中毒/北京行知实验学校11名学生食物中毒.xml
澳门141人食物中毒与进食“问题生蚝”有关,食物中毒,/home/data/toy/raw_data/CEC-Corpus/CEC/食物中毒/澳门141人食物中毒与进食“问题生蚝”有关.xml
哈尔滨学院部分学生食物中毒,食物中毒,/home/data/toy/raw_data/CEC-Corpus/CEC/食物中毒/哈尔滨学院部分学生食物中毒.xml
湖北公安县发生食物中毒6人死亡,食物中毒,/home/data/toy/raw_data/CEC-Corpus/CEC/食物中毒/湖北公安县发生食物中毒6人死亡.xml
台中21名学生疑似午餐后食物中毒,食物中毒,/home/data/toy/raw_data/CEC-Corpus/CEC/食物中毒/台中21名学生疑似午餐后食物中毒.xml
城东区发生疑似食物中毒事件全力救治中毒患者,食物中毒,/home/data/toy/raw_data/CEC-Corpus/CEC/食物中毒/城东区发生疑似食物中毒事件全力救治中毒患者.xml
日本旅馆饭菜导致72名观光客集体食物中毒,食物中毒,/home/data/toy/raw_data/CEC-Corpus/CEC/食物中毒/日本旅馆饭菜导致72名观光客集体食物中毒.xml
哈尔滨40名小学生疑似食物中毒入院治疗,食物中毒,/home/data/toy/raw_data/CEC-Corpus/CEC/食物中毒/哈尔滨40名小学生疑似食物中毒入院治疗.xml
北京40余工人食用扁豆后集体呕吐,食物中毒,/home/data/toy/raw_data/CEC-Corpus/CEC/食物中毒/北京40余工人食用扁豆后集体呕吐.xml
湖南24名游客在广西北海集体食物中毒,食物中毒,/home/data/toy/raw_data/CEC-Corpus/CEC/食物中毒/湖南24名游客在广西北海集体食物中毒.xml
深圳龙岗区一家工厂数百人食物中毒,食物中毒,/home/data/toy/raw_data/CEC-Corpus/CEC/食物中毒/深圳龙岗区一家工厂数百人食物中毒.xml
东莞26名学生吃食堂发馊剩饭致食物中毒,食物中毒,/home/data/toy/raw_data/CEC-Corpus/CEC/食物中毒/东莞26名学生吃食堂发馊剩饭致食物中毒.xml
德化县卫生局积极处置一起疑似食物中毒事件,食物中毒,/home/data/toy/raw_data/CEC-Corpus/CEC/食物中毒/德化县卫生局积极处置一起疑似食物中毒事件.xml
湖北咸宁市240多人参加生日宴会后食物中毒,食物中毒,/home/data/toy/raw_data/CEC-Corpus/CEC/食物中毒/湖北咸宁市240多人参加生日宴会后食物中毒.xml
比亚迪重大食物中毒事件,食物中毒,/home/data/toy/raw_data/CEC-Corpus/CEC/食物中毒/比亚迪重大食物中毒事件.xml
餐馆无证经营，合肥70余人中毒,食物中毒,/home/data/toy/raw_data/CEC-Corpus/CEC/食物中毒/餐馆无证经营，合肥70余人中毒.xml
大理州巍山县处置一起食物中毒事件,食物中毒,/home/data/toy/raw_data/CEC-Corpus/CEC/食物中毒/大理州巍山县处置一起食物中毒事件.xml
广东发生食物中毒事件牛肉丸毒倒200多小学生,食物中毒,/home/data/toy/raw_data/CEC-Corpus/CEC/食物中毒/广东发生食物中毒事件牛肉丸毒倒200多小学生.xml
宝树(清远)纺织制衣有限公司职工食物中毒,食物中毒,/home/data/toy/raw_data/CEC-Corpus/CEC/食物中毒/宝树(清远)纺织制衣有限公司职工食物中毒.xml
通许发生集体食物中毒事件,食物中毒,/home/data/toy/raw_data/CEC-Corpus/CEC/食物中毒/通许发生集体食物中毒事件.xml
江西萍乡现30多人食物中毒现象目前脱离危险,食物中毒,/home/data/toy/raw_data/CEC-Corpus/CEC/食物中毒/江西萍乡现30多人食物中毒现象目前脱离危险.xml
印度发生假酒集体中毒事件,食物中毒,/home/data/toy/raw_data/CEC-Corpus/CEC/食物中毒/印度发生假酒集体中毒事件.xml
新加坡137人食物中毒两人死亡,食物中毒,/home/data/toy/raw_data/CEC-Corpus/CEC/食物中毒/新加坡137人食物中毒两人死亡.xml
青海发生一起疑似食物中毒事件,食物中毒,/home/data/toy/raw_data/CEC-Corpus/CEC/食物中毒/青海发生一起疑似食物中毒事件.xml
湖北襄樊一所学校22名学生食物中毒,食物中毒,/home/data/toy/raw_data/CEC-Corpus/CEC/食物中毒/湖北襄樊一所学校22名学生食物中毒.xml
俄罗斯93名儿童食物中毒被送院治疗,食物中毒,/home/data/toy/raw_data/CEC-Corpus/CEC/食物中毒/俄罗斯93名儿童食物中毒被送院治疗.xml
深圳一足浴城50多名女技师食物中毒已脱离危险,食物中毒,/home/data/toy/raw_data/CEC-Corpus/CEC/食物中毒/深圳一足浴城50多名女技师食物中毒已脱离危险.xml
广东湛江21名小学生疑因食用不洁食物中毒,食物中毒,/home/data/toy/raw_data/CEC-Corpus/CEC/食物中毒/广东湛江21名小学生疑因食用不洁食物中毒.xml
山西女篮赛前食物中毒,食物中毒,/home/data/toy/raw_data/CEC-Corpus/CEC/食物中毒/山西女篮赛前食物中毒.xml
上海一家公司70多名员工食物中毒,食物中毒,/home/data/toy/raw_data/CEC-Corpus/CEC/食物中毒/上海一家公司70多名员工食物中毒.xml
肇庆一家三口突发“重病”食物中毒惹的祸,食物中毒,/home/data/toy/raw_data/CEC-Corpus/CEC/食物中毒/肇庆一家三口突发“重病”食物中毒惹的祸.xml
北京一印刷厂40余工人食未炒熟扁豆致中毒,食物中毒,/home/data/toy/raw_data/CEC-Corpus/CEC/食物中毒/北京一印刷厂40余工人食未炒熟扁豆致中毒.xml
内蒙古一所小学发生疑似食物中毒68人发病,食物中毒,/home/data/toy/raw_data/CEC-Corpus/CEC/食物中毒/内蒙古一所小学发生疑似食物中毒68人发病.xml
内蒙古宁城71人集体食物中毒,食物中毒,/home/data/toy/raw_data/CEC-Corpus/CEC/食物中毒/内蒙古宁城71人集体食物中毒.xml
河南叶县廉村小学300人中毒续：校长被停职,食物中毒,/home/data/toy/raw_data/CEC-Corpus/CEC/食物中毒/河南叶县廉村小学300人中毒续：校长被停职.xml
甘肃武威第一幼儿园59名儿童食物中毒,食物中毒,/home/data/toy/raw_data/CEC-Corpus/CEC/食物中毒/甘肃武威第一幼儿园59名儿童食物中毒.xml
四川成都余震已有四十四次市民均不愿回家,地震,/home/data/toy/raw_data/CEC-Corpus/CEC/地震/四川成都余震已有四十四次市民均不愿回家.xml
四川蓬安县房屋瓦片被震落广西陕西震感强烈,地震,/home/data/toy/raw_data/CEC-Corpus/CEC/地震/四川蓬安县房屋瓦片被震落广西陕西震感强烈.xml
辽宁省海城市发生4.3级地震,地震,/home/data/toy/raw_data/CEC-Corpus/CEC/地震/辽宁省海城市发生4.3级地震.xml
新疆地震造成4万余人受灾经济损失上千万,地震,/home/data/toy/raw_data/CEC-Corpus/CEC/地震/新疆地震造成4万余人受灾经济损失上千万.xml
印尼中爪哇省地震造成重大伤亡,地震,/home/data/toy/raw_data/CEC-Corpus/CEC/地震/印尼中爪哇省地震造成重大伤亡.xml
新疆哈密5.1级地震尚无人员伤亡财产损失报告,地震,/home/data/toy/raw_data/CEC-Corpus/CEC/地震/新疆哈密5.1级地震尚无人员伤亡财产损失报告.xml
斐济附近海域发生6.5级地震,地震,/home/data/toy/raw_data/CEC-Corpus/CEC/地震/斐济附近海域发生6.5级地震.xml
甘肃天祝发生4.3级地震青海门源震感强烈,地震,/home/data/toy/raw_data/CEC-Corpus/CEC/地震/甘肃天祝发生4.3级地震青海门源震感强烈.xml
重庆市区有明显震感电线杆在摇晃,地震,/home/data/toy/raw_data/CEC-Corpus/CEC/地震/重庆市区有明显震感电线杆在摇晃.xml
新西兰东北部海域发生6.6级地震,地震,/home/data/toy/raw_data/CEC-Corpus/CEC/地震/新西兰东北部海域发生6.6级地震.xml
尼加拉瓜太平洋沿岸发生6.6级地震,地震,/home/data/toy/raw_data/CEC-Corpus/CEC/地震/尼加拉瓜太平洋沿岸发生6.6级地震.xml
受四川汶川强烈地震影响甘肃庆阳出现明显震感,地震,/home/data/toy/raw_data/CEC-Corpus/CEC/地震/受四川汶川强烈地震影响甘肃庆阳出现明显震感.xml
受四川地震影响重庆震动强烈通信中断,地震,/home/data/toy/raw_data/CEC-Corpus/CEC/地震/受四川地震影响重庆震动强烈通信中断.xml
尼加拉瓜太平洋海域发生６.６级地震,地震,/home/data/toy/raw_data/CEC-Corpus/CEC/地震/尼加拉瓜太平洋海域发生６.６级地震.xml
日本福岛近海发生4.8级地震不会引发海啸,地震,/home/data/toy/raw_data/CEC-Corpus/CEC/地震/日本福岛近海发生4.8级地震不会引发海啸.xml
四川汶川地震致重庆4名学生死亡100多人受伤,地震,/home/data/toy/raw_data/CEC-Corpus/CEC/地震/四川汶川地震致重庆4名学生死亡100多人受伤.xml
甘肃兰州震感明显,地震,/home/data/toy/raw_data/CEC-Corpus/CEC/地震/甘肃兰州震感明显.xml
贵州罗甸县发生4.0级地震目前尚无人员伤亡报告,地震,/home/data/toy/raw_data/CEC-Corpus/CEC/地震/贵州罗甸县发生4.0级地震目前尚无人员伤亡报告.xml
南太平洋新喀里多尼亚发生6.8级地震,地震,/home/data/toy/raw_data/CEC-Corpus/CEC/地震/南太平洋新喀里多尼亚发生6.8级地震.xml
哥斯达黎加地震造成6人死亡42人失踪,地震,/home/data/toy/raw_data/CEC-Corpus/CEC/地震/哥斯达黎加地震造成6人死亡42人失踪.xml
印尼地震将大批房屋夷为平地太平间被尸体淹没,地震,/home/data/toy/raw_data/CEC-Corpus/CEC/地震/印尼地震将大批房屋夷为平地太平间被尸体淹没.xml
河南渑池3.5级地震煤矿巷道被损9人遇难,地震,/home/data/toy/raw_data/CEC-Corpus/CEC/地震/河南渑池3.5级地震煤矿巷道被损9人遇难.xml
国家地震局启动一级预案救援队已集结,地震,/home/data/toy/raw_data/CEC-Corpus/CEC/地震/国家地震局启动一级预案救援队已集结.xml
印尼许多城市都有震感北部沿海地区也有震感,地震,/home/data/toy/raw_data/CEC-Corpus/CEC/地震/印尼许多城市都有震感北部沿海地区也有震感.xml
浙江杭州：高楼震感明显不会造成进一步影响,地震,/home/data/toy/raw_data/CEC-Corpus/CEC/地震/浙江杭州：高楼震感明显不会造成进一步影响.xml
青海发生6.3级地震震区人口密度低尚无人员伤亡,地震,/home/data/toy/raw_data/CEC-Corpus/CEC/地震/青海发生6.3级地震震区人口密度低尚无人员伤亡.xml
智利北部海域发生6.2级地震,地震,/home/data/toy/raw_data/CEC-Corpus/CEC/地震/智利北部海域发生6.2级地震.xml
昆明震感强烈许多市民冒雨走上街头,地震,/home/data/toy/raw_data/CEC-Corpus/CEC/地震/昆明震感强烈许多市民冒雨走上街头.xml
四川汶川县7.8级地震后发生三次余震,地震,/home/data/toy/raw_data/CEC-Corpus/CEC/地震/四川汶川县7.8级地震后发生三次余震.xml
四川汶川县发生7.8级地震西安城区有强烈震感,地震,/home/data/toy/raw_data/CEC-Corpus/CEC/地震/四川汶川县发生7.8级地震西安城区有强烈震感.xml
云南瑞丽地震19人受伤紧急转移受灾群众9496人,地震,/home/data/toy/raw_data/CEC-Corpus/CEC/地震/云南瑞丽地震19人受伤紧急转移受灾群众9496人.xml
山西：感到地震后很多人跑到户外空旷地带,地震,/home/data/toy/raw_data/CEC-Corpus/CEC/地震/山西：感到地震后很多人跑到户外空旷地带.xml
宁夏银川发生有感地震持续时间20秒左右,地震,/home/data/toy/raw_data/CEC-Corpus/CEC/地震/宁夏银川发生有感地震持续时间20秒左右.xml
贵阳：有强烈震感通讯半瘫痪交通秩序正常,地震,/home/data/toy/raw_data/CEC-Corpus/CEC/地震/贵阳：有强烈震感通讯半瘫痪交通秩序正常.xml
墨西哥强烈地震致800栋房屋受损首都高楼晃动,地震,/home/data/toy/raw_data/CEC-Corpus/CEC/地震/墨西哥强烈地震致800栋房屋受损首都高楼晃动.xml
印尼爪哇省发生6.2级地震已至少造成51人死亡,地震,/home/data/toy/raw_data/CEC-Corpus/CEC/地震/印尼爪哇省发生6.2级地震已至少造成51人死亡.xml
内蒙古：人们感到地震后纷纷咨询地震情况,地震,/home/data/toy/raw_data/CEC-Corpus/CEC/地震/内蒙古：人们感到地震后纷纷咨询地震情况.xml
西藏班戈县5.5级地震发生在无人区影响有限,地震,/home/data/toy/raw_data/CEC-Corpus/CEC/地震/西藏班戈县5.5级地震发生在无人区影响有限.xml
上海：高层建筑普遍有震感但不会造成危害,地震,/home/data/toy/raw_data/CEC-Corpus/CEC/地震/上海：高层建筑普遍有震感但不会造成危害.xml
四川地震对云南有一定影响部分地区房屋已出现倒损,地震,/home/data/toy/raw_data/CEC-Corpus/CEC/地震/四川地震对云南有一定影响部分地区房屋已出现倒损.xml
成都网友称震感强烈女同事当即哭泣,地震,/home/data/toy/raw_data/CEC-Corpus/CEC/地震/成都网友称震感强烈女同事当即哭泣.xml
智利8.2级地震引发2米高海啸多国发布预警,地震,/home/data/toy/raw_data/CEC-Corpus/CEC/地震/智利8.2级地震引发2米高海啸多国发布预警.xml
四川汶川强地震近万人丧生中国各界奋力救灾,地震,/home/data/toy/raw_data/CEC-Corpus/CEC/地震/四川汶川强地震近万人丧生中国各界奋力救灾.xml
云南西双版纳发生4.6级地震暂无人员伤亡,地震,/home/data/toy/raw_data/CEC-Corpus/CEC/地震/云南西双版纳发生4.6级地震暂无人员伤亡.xml
云南永善县5.3级地震已致21人伤2731间民房受损,地震,/home/data/toy/raw_data/CEC-Corpus/CEC/地震/云南永善县5.3级地震已致21人伤2731间民房受损.xml
哥伦比亚东北部发生5．4级地震,地震,/home/data/toy/raw_data/CEC-Corpus/CEC/地震/哥伦比亚东北部发生5．4级地震.xml
新疆察布查尔锡伯自治县5.0级地震末有人员伤亡,地震,/home/data/toy/raw_data/CEC-Corpus/CEC/地震/新疆察布查尔锡伯自治县5.0级地震末有人员伤亡.xml
云南盈江发生5.0级地震,地震,/home/data/toy/raw_data/CEC-Corpus/CEC/地震/云南盈江发生5.0级地震.xml
辽宁省海城市发生4.3级地震尚无人员伤亡的报告,地震,/home/data/toy/raw_data/CEC-Corpus/CEC/地震/辽宁省海城市发生4.3级地震尚无人员伤亡的报告.xml
威海地震威海地震最新消息,地震,/home/data/toy/raw_data/CEC-Corpus/CEC/地震/威海地震威海地震最新消息.xml
重庆发生强烈震感学生慌忙逃出寝室楼,地震,/home/data/toy/raw_data/CEC-Corpus/CEC/地震/重庆发生强烈震感学生慌忙逃出寝室楼.xml
四川发生6.1级地震波及云南多个地区,地震,/home/data/toy/raw_data/CEC-Corpus/CEC/地震/四川发生6.1级地震波及云南多个地区.xml
印度6.8级强震数百人伤亡西藏亚东7死23伤,地震,/home/data/toy/raw_data/CEC-Corpus/CEC/地震/印度6.8级强震数百人伤亡西藏亚东7死23伤.xml
四川攀枝花地震已部分房屋垮塌,地震,/home/data/toy/raw_data/CEC-Corpus/CEC/地震/四川攀枝花地震已部分房屋垮塌.xml
台湾高雄23日8时4分发生5.2级地震,地震,/home/data/toy/raw_data/CEC-Corpus/CEC/地震/台湾高雄23日8时4分发生5.2级地震.xml
俄罗斯地震死亡人数升至12人,地震,/home/data/toy/raw_data/CEC-Corpus/CEC/地震/俄罗斯地震死亡人数升至12人.xml
至18时地震已造成川甘渝滇等地107人死亡34人受伤,地震,/home/data/toy/raw_data/CEC-Corpus/CEC/地震/至18时地震已造成川甘渝滇等地107人死亡34人受伤.xml
四川攀枝花与凉山会理县交界发生6.1级地震,地震,/home/data/toy/raw_data/CEC-Corpus/CEC/地震/四川攀枝花与凉山会理县交界发生6.1级地震.xml
智利7.6地震后再发6场余震4次震级为5级以上,地震,/home/data/toy/raw_data/CEC-Corpus/CEC/地震/智利7.6地震后再发6场余震4次震级为5级以上.xml
川西发生地震成都震感强烈,地震,/home/data/toy/raw_data/CEC-Corpus/CEC/地震/川西发生地震成都震感强烈.xml
智利地震再修正为里氏7.6级海啸预警已被取消,地震,/home/data/toy/raw_data/CEC-Corpus/CEC/地震/智利地震再修正为里氏7.6级海啸预警已被取消.xml
四川攀枝花6.1级地震已造成38人死亡982人受伤,地震,/home/data/toy/raw_data/CEC-Corpus/CEC/地震/四川攀枝花6.1级地震已造成38人死亡982人受伤.xml
